{"cameraMode":{"drawMode":0,"name":"Shaded","section":"Shading Mode"},"sceneLighting":false,"audioPlay":false,"sceneViewState":{"showFog":true,"showMaterialUpdate":false,"showSkybox":false,"showFlares":true,"showImageEffects":true,"showParticleSystems":true},"in2DMode":false,"pivot":{"x":-0.29320597648620608,"y":0.6664904356002808,"z":-0.3058704435825348},"rotation":{"x":0.14843429625034333,"y":-0.38613659143447878,"z":0.06310691684484482,"w":0.9082309007644653},"size":9.791300773620606,"orthographic":true}